序号,电影名字,电影评分,电影短评,播放状态,免费播放资源,播放链接,电影详细资料
1,肖申克的救赎,9.6,希望让人自由。,可播放,付费,,https://movie.douban.com/subject/1292052/
2,这个杀手不太冷,9.4,怪蜀黍和小萝莉不得不说的故事。,可播放,腾讯视频,https://www.douban.com/link2/?url=http%3A%2F%2Fv.qq.com%2Fx%2Fcover%2Ffvue88y1fsnk4w2.html%3Fptag%3Ddouban.movie&amp;subtype=1&amp;type=online-video,https://movie.douban.com/subject/1295644/
3,霸王别姬,9.5,风华绝代。,可播放,付费,,https://movie.douban.com/subject/1291546/
4,阿甘正传,9.4,一部美国近现代史。,可播放,付费,,https://movie.douban.com/subject/1292720/
5,美丽人生,9.5,最美的谎言。,可播放,付费,,https://movie.douban.com/subject/1292063/
6,千与千寻,9.2,最好的宫崎骏，最好的久石让。 ,可播放,腾讯视频,https://www.douban.com/link2/?url=http%3A%2F%2Fv.qq.com%2Fx%2Fcover%2Fdxejskxh9kkcry3.html%3Fptag%3Ddouban.movie&amp;subtype=1&amp;type=online-video,https://movie.douban.com/subject/1291561/
7,辛德勒的名单,9.4,拯救一个人，就是拯救整个世界。,可播放,付费,,https://movie.douban.com/subject/1295124/
8,泰坦尼克号,9.2,失去的才是永恒的。 ,可播放,付费,,https://movie.douban.com/subject/1292722/
9,海上钢琴师,9.2,每个人都要走一条自己坚定了的路，就算是粉身碎骨。 ,不可播放,,,https://movie.douban.com/subject/1292001/
10,盗梦空间,9.2,诺兰给了我们一场无法盗取的梦。,可播放,付费,,https://movie.douban.com/subject/3541415/
11,机器人总动员,9.3,小瓦力，大人生。,可播放,优酷视频,https://www.douban.com/link2/?url=http%3A%2F%2Fcps.youku.com%2Fredirect.html%3Fid%3D0000a213%26url%3Dhttp%3A%2F%2Fv.youku.com%2Fv_show%2Fid_XMTQxOTY4NDc0NA%3D%3D.html&amp;subtype=3&amp;type=online-video,https://movie.douban.com/subject/2131459/
12,三傻大闹宝莱坞,9.1,英俊版憨豆，高情商版谢耳朵。,可播放,爱奇艺视频,https://www.douban.com/link2/?url=http%3A%2F%2Fwww.iqiyi.com%2Fdianying%2F20120618%2Ff0faf21d5f12f65e.html%3Fvfm%3Dm_331_dbdy&amp;subtype=9&amp;type=online-video&amp;link2key=da1242207c,https://movie.douban.com/subject/3793023/
13,放牛班的春天,9.2,天籁一般的童声，是最接近上帝的存在。 ,可播放,爱奇艺视频,https://www.douban.com/link2/?url=http%3A%2F%2Fwww.iqiyi.com%2Fdianying%2F20100418%2Fn3559.html%3Fvfm%3Dm_331_dbdy&amp;subtype=9&amp;type=online-video&amp;link2key=6371b404ef,https://movie.douban.com/subject/1291549/
14,忠犬八公的故事,9.2,永远都不能忘记你所爱的人。,可播放,优酷视频,https://www.douban.com/link2/?url=http%3A%2F%2Fv.youku.com%2Fv_show%2Fid_XMzA1MTgyNzM2.html%3Ftpa%3DdW5pb25faWQ9MTAzNTY1XzEwMDAwMV8wMV8wMQ&amp;subtype=3&amp;type=online-video,https://movie.douban.com/subject/3011091/
15,大话西游之大圣娶亲,9.1,一生所爱。,可播放,付费,,https://movie.douban.com/subject/1292213/
16,龙猫,9.1,人人心中都有个龙猫，童年就永远不会消失。,不可播放,,,https://movie.douban.com/subject/1291560/
17,教父,9.2,千万不要记恨你的对手，这样会让你失去理智。,可播放,付费,,https://movie.douban.com/subject/1291841/
18,乱世佳人,9.2,Tomorrow is another day.,可播放,付费,,https://movie.douban.com/subject/1300267/
19,楚门的世界,9.0,如果再也不能见到你，祝你早安，午安，晚安。,可播放,付费,,https://movie.douban.com/subject/1292064/
20,天堂电影院,9.1,那些吻戏，那些青春，都在影院的黑暗里被泪水冲刷得无比清晰。,可播放,爱奇艺视频,https://www.douban.com/link2/?url=http%3A%2F%2Fwww.iqiyi.com%2Fv_19rrho6qm0.html%3Fvfm%3Dm_331_dbdy&amp;subtype=9&amp;type=online-video&amp;link2key=b79dc7df5e,https://movie.douban.com/subject/1291828/
21,当幸福来敲门,8.9,平民励志片。 ,可播放,付费,,https://movie.douban.com/subject/1849031/
22,搏击俱乐部,9.0,邪恶与平庸蛰伏于同一个母体，在特定的时间互相对峙。,不可播放,,,https://movie.douban.com/subject/1292000/
23,触不可及,9.1,满满温情的高雅喜剧。,不可播放,,,https://movie.douban.com/subject/6786002/
24,指环王3：王者无敌,9.1,史诗的终章。,可播放,付费,,https://movie.douban.com/subject/1291552/
25,十二怒汉,9.3,1957年的理想主义。 ,不可播放,,,https://movie.douban.com/subject/1293182/
26,罗马假日,8.9,爱情哪怕只有一天。,可播放,付费,,https://movie.douban.com/subject/1293839/
27,无间道,8.9,香港电影史上永不过时的杰作。,可播放,优酷视频,https://www.douban.com/link2/?url=http%3A%2F%2Fv.youku.com%2Fv_show%2Fid_XNTY0ODE0MzU2.html%3Ftpa%3DdW5pb25faWQ9MTAzNTY1XzEwMDAwMV8wMV8wMQ&amp;subtype=3&amp;type=online-video,https://movie.douban.com/subject/1307914/
28,怦然心动,8.9,真正的幸福是来自内心深处。,可播放,付费,,https://movie.douban.com/subject/3319755/
29,天空之城,9.0,对天空的追逐，永不停止。 ,不可播放,,,https://movie.douban.com/subject/1291583/
30,熔炉,9.1,我们一路奋战不是为了改变世界，而是为了不让世界改变我们。,不可播放,,,https://movie.douban.com/subject/5912992/
31,两杆大烟枪,9.0,4个臭皮匠顶个诸葛亮，盖·里奇果然不是盖的。,可播放,乐视视频,https://www.douban.com/link2/?url=http%3A%2F%2Fwww.le.com%2Fptv%2Fvplay%2F1505425.html%3Fch%3Ddouban_mf&amp;subtype=6&amp;type=online-video&amp;link2key=b93eaab14a,https://movie.douban.com/subject/1293350/
32,少年派的奇幻漂流,9.0,瑰丽壮观、无人能及的冒险之旅。,可播放,付费,,https://movie.douban.com/subject/1929463/
33,大话西游之月光宝盒,8.9,旷古烁今。,不可播放,,,https://movie.douban.com/subject/1299398/
34,飞屋环游记,8.9,最后那些最无聊的事情，才是最值得怀念的。 ,可播放,优酷视频,https://www.douban.com/link2/?url=http%3A%2F%2Fcps.youku.com%2Fredirect.html%3Fid%3D0000a213%26url%3Dhttp%3A%2F%2Fv.youku.com%2Fv_show%2Fid_XMTQxOTY1NTY5Ng%3D%3D.html&amp;subtype=3&amp;type=online-video,https://movie.douban.com/subject/2129039/
35,鬼子来了,9.1,对敌人的仁慈，就是对自己残忍。,不可播放,,,https://movie.douban.com/subject/1291858/
36,飞越疯人院,9.0,自由万岁。,不可播放,,,https://movie.douban.com/subject/1292224/
37,蝙蝠侠：黑暗骑士,9.0,无尽的黑暗。,可播放,付费,,https://movie.douban.com/subject/1851857/
38,窃听风暴,9.1,别样人生。,可播放,腾讯视频,https://www.douban.com/link2/?url=http%3A%2F%2Fv.qq.com%2Fx%2Fcover%2Fih84bi86nzujfs5.html%3Fptag%3Ddouban.movie&amp;subtype=1&amp;type=online-video,https://movie.douban.com/subject/1900841/
39,海豚湾,9.3,海豚的微笑，是世界上最高明的伪装。,可播放,优酷视频,https://www.douban.com/link2/?url=http%3A%2F%2Fv.youku.com%2Fv_show%2Fid_XNDQ5ODgxNDYw.html%3Ftpa%3DdW5pb25faWQ9MTAzNTY1XzEwMDAwMV8wMV8wMQ&amp;subtype=3&amp;type=online-video,https://movie.douban.com/subject/3442220/
40,活着,9.0,张艺谋最好的电影。,不可播放,,,https://movie.douban.com/subject/1292365/
41,V字仇杀队,8.8,一张面具背后的理想与革命。,可播放,付费,,https://movie.douban.com/subject/1309046/
42,闻香识女人,8.9,史上最美的探戈。,可播放,付费,,https://movie.douban.com/subject/1298624/
43,星际穿越,9.1,爱是一种力量，让我们超越时空感知它的存在。,可播放,付费,,https://movie.douban.com/subject/1889243/
44,美丽心灵,8.9,爱是一切逻辑和原由。,可播放,付费,,https://movie.douban.com/subject/1306029/
45,教父2,9.1,优雅的孤独。,可播放,付费,,https://movie.douban.com/subject/1299131/
46,指环王2：双塔奇兵,8.9,承前启后的史诗篇章。,可播放,付费,,https://movie.douban.com/subject/1291572/
47,天使爱美丽,8.7,法式小清新。 ,可播放,腾讯视频,https://www.douban.com/link2/?url=http%3A%2F%2Fv.qq.com%2Fx%2Fcover%2Fo9ltjk5yc26z6w9.html%3Fptag%3Ddouban.movie&amp;subtype=1&amp;type=online-video,https://movie.douban.com/subject/1292215/
48,指环王1：魔戒再现,8.9,传说的开始。,可播放,付费,,https://movie.douban.com/subject/1291571/
49,哈尔的移动城堡,8.8,带着心爱的人在天空飞翔。,可播放,付费,,https://movie.douban.com/subject/1308807/
50,情书,8.8,暗恋的极致。,可播放,付费,,https://movie.douban.com/subject/1292220/
51,死亡诗社,8.9,当一个死水般的体制内出现一个活跃的变数时，所有的腐臭都站在了光明的对面。,可播放,付费,,https://movie.douban.com/subject/1291548/
52,美国往事,9.1,往事如烟，无处祭奠。,不可播放,,,https://movie.douban.com/subject/1292262/
53,七宗罪,8.7,警察抓小偷，老鼠玩死猫。,可播放,付费,,https://movie.douban.com/subject/1292223/
54,钢琴家,9.0,音乐能化解仇恨。,可播放,付费,,https://movie.douban.com/subject/1296736/
55,勇敢的心,8.8,史诗大片的典范。,可播放,付费,,https://movie.douban.com/subject/1294639/
56,狮子王,8.9,动物版《哈姆雷特》。,可播放,优酷视频,https://www.douban.com/link2/?url=http%3A%2F%2Fcps.youku.com%2Fredirect.html%3Fid%3D0000a213%26url%3Dhttp%3A%2F%2Fv.youku.com%2Fv_show%2Fid_XMTQxOTgyMjEyOA%3D%3D.html&amp;subtype=3&amp;type=online-video,https://movie.douban.com/subject/1301753/
57,剪刀手爱德华,8.7,浪漫忧郁的成人童话。,可播放,付费,,https://movie.douban.com/subject/1292370/
58,致命魔术,8.8,孪生蝙蝠侠大战克隆金刚狼。,可播放,付费,,https://movie.douban.com/subject/1780330/
59,被嫌弃的松子的一生,8.9,以戏谑来戏谑戏谑。,不可播放,,,https://movie.douban.com/subject/1787291/
60,音乐之声,8.9,用音乐化解仇恨，让歌声串起美好。,可播放,付费,,https://movie.douban.com/subject/1294408/
61,小鞋子,9.1,奔跑的孩子是天使。,可播放,付费,,https://movie.douban.com/subject/1303021/
62,辩护人,9.1,电影的现实意义大过电影本身。,可播放,优酷视频,https://www.douban.com/link2/?url=http%3A%2F%2Fv.youku.com%2Fv_show%2Fid_XOTA1MjI4Mzk2.html%3Ftpa%3DdW5pb25faWQ9MTAzNTY1XzEwMDAwMV8wMV8wMQ&amp;subtype=3&amp;type=online-video,https://movie.douban.com/subject/21937445/
63,低俗小说,8.7,故事的高级讲法。,可播放,付费,,https://movie.douban.com/subject/1291832/
64,入殓师,8.8,死可能是一道门，逝去并不是终结，而是超越，走向下一程。,不可播放,,,https://movie.douban.com/subject/2149806/
65,饮食男女,9.0,人生不能像做菜，把所有的料都准备好了才下锅。,不可播放,,,https://movie.douban.com/subject/1291818/
66,蝴蝶效应,8.7,人的命运被自己瞬间的抉择改变。,可播放,乐视视频,https://www.douban.com/link2/?url=http%3A%2F%2Fwww.le.com%2Fptv%2Fvplay%2F26917825.html%3Fch%3Ddouban_mf&amp;subtype=6&amp;type=online-video&amp;link2key=f6ad33de05,https://movie.douban.com/subject/1292343/
67,沉默的羔羊,8.7,安东尼·霍普金斯的顶级表演。,不可播放,,,https://movie.douban.com/subject/1293544/
68,本杰明·巴顿奇事,8.7,在时间之河里感受溺水之苦。,可播放,付费,,https://movie.douban.com/subject/1485260/
69,玛丽和马克思,8.9,你是我最好的朋友，你是我唯一的朋友 。,可播放,腾讯视频,https://www.douban.com/link2/?url=http%3A%2F%2Fv.qq.com%2Fx%2Fcover%2Fb49nto261rv2a14.html%3Fptag%3Ddouban.movie&amp;subtype=1&amp;type=online-video,https://movie.douban.com/subject/3072124/
70,黑客帝国,8.8,视觉革命。,可播放,付费,,https://movie.douban.com/subject/1291843/
71,控方证人,9.5,比利·怀德满分作品。,可播放,付费,,https://movie.douban.com/subject/1296141/
72,拯救大兵瑞恩,8.8,美利坚精神输出大片No1.,可播放,付费,,https://movie.douban.com/subject/1292849/
73,西西里的美丽传说,8.7,美丽无罪。,可播放,付费,,https://movie.douban.com/subject/1292402/
74,幽灵公主,8.8,人与自然的战争史诗。,可播放,付费,,https://movie.douban.com/subject/1297359/
75,心灵捕手,8.7,人生中应该拥有这样的一段豁然开朗。,可播放,付费,,https://movie.douban.com/subject/1292656/
76,第六感,8.8,深入内心的恐怖，出人意料的结局。,可播放,优酷视频,https://www.douban.com/link2/?url=http%3A%2F%2Fcps.youku.com%2Fredirect.html%3Fid%3D0000a213%26url%3Dhttp%3A%2F%2Fv.youku.com%2Fv_show%2Fid_XNjI3MzgwNDM2.html&amp;subtype=3&amp;type=online-video,https://movie.douban.com/subject/1297630/
77,阳光灿烂的日子,8.7,一场华丽的意淫。,不可播放,,,https://movie.douban.com/subject/1291875/
78,大鱼,8.7,抱着梦想而活着的人是幸福的，怀抱梦想而死去的人是不朽的。,可播放,芒果 TV,https://www.douban.com/link2/?url=http%3A%2F%2Fwww.mgtv.com%2Fh%2F46755.html%3Fcxid%3D94l62sj44&amp;subtype=7&amp;type=online-video&amp;link2key=9cdeef4aa7,https://movie.douban.com/subject/1291545/
79,让子弹飞,8.7,你给我翻译翻译，神马叫做TMD的惊喜。,可播放,爱奇艺视频,https://www.douban.com/link2/?url=http%3A%2F%2Fwww.iqiyi.com%2Fdianying%2F20110208%2Fc400871a16e3fc1b.html%3Fvfm%3Dm_331_dbdy&amp;subtype=9&amp;type=online-video&amp;link2key=039da01503,https://movie.douban.com/subject/3742360/
80,素媛,9.1,受过伤害的人总是笑得最开心，因为他们不愿意让身边的人承受一样的痛苦。,不可播放,,,https://movie.douban.com/subject/21937452/
81,射雕英雄传之东成西就,8.7,百看不厌。 ,可播放,付费,,https://movie.douban.com/subject/1316510/
82,阳光姐妹淘,8.8,再多各自牛逼的时光，也比不上一起傻逼的岁月。 ,可播放,优酷视频,https://www.douban.com/link2/?url=http%3A%2F%2Fv.youku.com%2Fv_show%2Fid_XODMzNzkwMzA4.html%3Ftpa%3DdW5pb25faWQ9MTAzNTY1XzEwMDAwMV8wMV8wMQ&amp;subtype=3&amp;type=online-video,https://movie.douban.com/subject/4917726/
83,大闹天宫,9.2,经典之作，历久弥新。,可播放,腾讯视频,https://www.douban.com/link2/?url=http%3A%2F%2Fv.qq.com%2Fx%2Fcover%2F63hlfa8yfrs1yza.html%3Fptag%3Ddouban.movie&amp;subtype=1&amp;type=online-video,https://movie.douban.com/subject/1418019/
84,上帝之城,8.9,被上帝抛弃了的上帝之城。,不可播放,,,https://movie.douban.com/subject/1292208/
85,春光乍泄,8.7,爱情纠缠，男女一致。,不可播放,,,https://movie.douban.com/subject/1292679/
86,重庆森林,8.6,寂寞没有期限。,可播放,爱奇艺视频,https://www.douban.com/link2/?url=http%3A%2F%2Fwww.iqiyi.com%2Fv_19rrho3e0w.html%3Fvfm%3Dm_331_dbdy&amp;subtype=9&amp;type=online-video&amp;link2key=a60c2a4e30,https://movie.douban.com/subject/1291999/
87,禁闭岛,8.6,昔日翩翩少年，今日大腹便便。,可播放,付费,,https://movie.douban.com/subject/2334904/
88,甜蜜蜜,8.7,逢只要一瞬间，等待却像是一辈子。,不可播放,,,https://movie.douban.com/subject/1305164/
89,致命ID,8.6,最不可能的那个人永远是最可能的。,可播放,付费,,https://movie.douban.com/subject/1297192/
90,告白,8.6,没有一人完全善，也没有一人完全恶。,不可播放,,,https://movie.douban.com/subject/4268598/
91,萤火虫之墓,8.7,幸福是生生不息，却难以触及的远。 ,可播放,腾讯视频,https://www.douban.com/link2/?url=http%3A%2F%2Fv.qq.com%2Fcover%2Fn%2Fn4qq7jded2ypsfi.html%3Fptag%3Ddouban.movie&amp;subtype=1&amp;type=online-video,https://movie.douban.com/subject/1293318/
92,一一,8.9,我们都曾经是一一。,不可播放,,,https://movie.douban.com/subject/1292434/
93,加勒比海盗,8.6,约翰尼·德普的独角戏。,可播放,付费,,https://movie.douban.com/subject/1298070/
94,爱在黎明破晓前,8.7,缘分是个连绵词，最美不过一瞬。,可播放,付费,,https://movie.douban.com/subject/1296339/
95,风之谷,8.8,动画片的圣经。,可播放,付费,,https://movie.douban.com/subject/1291585/
96,阿凡达,8.6,绝对意义上的美轮美奂。,可播放,付费,,https://movie.douban.com/subject/1652587/
97,爱在日落黄昏时,8.7,九年后的重逢是世俗和责任的交叠，没了悸动和青涩，沧桑而温暖。,可播放,爱奇艺视频,https://www.douban.com/link2/?url=http%3A%2F%2Fwww.iqiyi.com%2Fdianying%2F20110512%2Fab7e6e5cdd9be4c8.html%3Fvfm%3Dm_331_dbdy&amp;subtype=9&amp;type=online-video&amp;link2key=6922d7d7c7,https://movie.douban.com/subject/1291990/
98,侧耳倾听,8.8,少女情怀总是诗。,可播放,付费,,https://movie.douban.com/subject/1297052/
99,断背山,8.5,每个人心中都有一座断背山。,可播放,付费,,https://movie.douban.com/subject/1418834/
100,布达佩斯大饭店,8.7,小清新的故事里注入了大历史的情怀。,可播放,付费,,https://movie.douban.com/subject/11525673/
101,驯龙高手,8.7,和谐的生活离不开摸头与被摸头。,可播放,付费,,https://movie.douban.com/subject/2353023/
102,猫鼠游戏,8.7,骗子大师和执著警探的你追我跑故事。 ,可播放,付费,,https://movie.douban.com/subject/1305487/
103,狩猎,9.0,人言可畏。,可播放,优酷视频,https://www.douban.com/link2/?url=http%3A%2F%2Fv.youku.com%2Fv_show%2Fid_XNTg2NDAwMjQ0.html%3Ftpa%3DdW5pb25faWQ9MTAzNTY1XzEwMDAwMV8wMV8wMQ&amp;subtype=3&amp;type=online-video,https://movie.douban.com/subject/6985810/
104,海洋,9.0,大海啊，不全是水。,可播放,腾讯视频,https://www.douban.com/link2/?url=http%3A%2F%2Fv.qq.com%2Fx%2Fcover%2Fyyut67k188uwpq4.html%3Fptag%3Ddouban.movie&amp;subtype=1&amp;type=online-video,https://movie.douban.com/subject/3443389/
105,摩登时代,9.2,大时代中的人生，小人物的悲喜。,可播放,腾讯视频,https://www.douban.com/link2/?url=http%3A%2F%2Fv.qq.com%2Fx%2Fcover%2F9w35g1rr7w3smmr.html%3Fptag%3Ddouban.movie&amp;subtype=1&amp;type=online-video,https://movie.douban.com/subject/1294371/
106,燃情岁月,8.8,传奇，不是每个人都可以拥有。,可播放,腾讯视频,https://www.douban.com/link2/?url=http%3A%2F%2Fv.qq.com%2Fx%2Fcover%2F5gcweps31b14e45.html%3Fptag%3Ddouban.movie&amp;subtype=1&amp;type=online-video,https://movie.douban.com/subject/1295865/
107,超脱,8.7,穷尽一生，我们要学会的，不过是彼此拥抱。,可播放,优酷视频,https://www.douban.com/link2/?url=http%3A%2F%2Fv.youku.com%2Fv_show%2Fid_XNTExNjY3NDU2.html%3Ftpa%3DdW5pb25faWQ9MTAzNTY1XzEwMDAwMV8wMV8wMQ&amp;subtype=3&amp;type=online-video,https://movie.douban.com/subject/5322596/
108,幸福终点站,8.6,有时候幸福需要等一等。 ,可播放,付费,,https://movie.douban.com/subject/1292274/
109,电锯惊魂,8.6,真相就在眼前。,不可播放,,,https://movie.douban.com/subject/1417598/
110,谍影重重3,8.7,像吃了苏打饼一样干脆的电影。,可播放,付费,,https://movie.douban.com/subject/1578507/
111,神偷奶爸,8.5,Mr. I Don&#39;t Care其实也有Care的时候。,可播放,付费,,https://movie.douban.com/subject/3287562/
112,菊次郎的夏天,8.7,从没见过那么流氓的温柔，从没见过那么温柔的流氓。,可播放,芒果 TV,https://www.douban.com/link2/?url=http%3A%2F%2Fwww.mgtv.com%2Fh%2F102514.html%3Fcxid%3D94l62sj44&amp;subtype=7&amp;type=online-video&amp;link2key=2fc46f6ba1,https://movie.douban.com/subject/1293359/
113,虎口脱险,8.9,永远看不腻的喜剧。,不可播放,,,https://movie.douban.com/subject/1296909/
114,哈利·波特与魔法石,8.6,童话世界的开端。,可播放,付费,,https://movie.douban.com/subject/1295038/
115,借东西的小人阿莉埃蒂,8.7,曾经的那段美好会沉淀为一辈子的记忆。,可播放,乐视视频,https://www.douban.com/link2/?url=http%3A%2F%2Fwww.le.com%2Fptv%2Fvplay%2F2076387.html%3Fch%3Ddouban_mf&amp;subtype=6&amp;type=online-video&amp;link2key=8c8e98b2d6,https://movie.douban.com/subject/4202302/
116,末代皇帝,8.8,“不要跟我比惨，我比你更惨”再适合这部电影不过了。,不可播放,,,https://movie.douban.com/subject/1293172/
117,真爱至上,8.5,爱，是个动词。,可播放,付费,,https://movie.douban.com/subject/1292401/
118,雨人,8.6,生活在自己的世界里，也可以让周围的人显得可笑和渺小。,可播放,爱奇艺视频,https://www.douban.com/link2/?url=http%3A%2F%2Fwww.iqiyi.com%2Fv_19rrho3bfg.html%3Fvfm%3Dm_331_dbdy&amp;subtype=9&amp;type=online-video&amp;link2key=ceb1106602,https://movie.douban.com/subject/1291870/
119,岁月神偷,8.6,岁月流逝，来日可追。,不可播放,,,https://movie.douban.com/subject/3792799/
120,贫民窟的百万富翁,8.5,上帝之城+猜火车+阿甘正传+开心辞典=山寨富翁,可播放,乐视视频,https://www.douban.com/link2/?url=http%3A%2F%2Fwww.le.com%2Fptv%2Fvplay%2F26888897.html%3Fch%3Ddouban_mf&amp;subtype=6&amp;type=online-video&amp;link2key=d012bf21b2,https://movie.douban.com/subject/2209573/
121,倩女幽魂,8.6,两张绝世的脸。 ,可播放,腾讯视频,https://www.douban.com/link2/?url=http%3A%2F%2Fv.qq.com%2Fcover%2Fi%2Fifkyvtji4a4a5hl.html%3Fptag%3Ddouban.movie&amp;subtype=1&amp;type=online-video,https://movie.douban.com/subject/1297447/
122,记忆碎片,8.5,一个针管引发的血案。,可播放,腾讯视频,https://www.douban.com/link2/?url=http%3A%2F%2Fv.qq.com%2Fx%2Fcover%2Fg9026xzb9g0tqp9.html%3Fptag%3Ddouban.movie&amp;subtype=1&amp;type=online-video,https://movie.douban.com/subject/1304447/
123,疯狂原始人,8.7,老少皆宜，这就是好莱坞动画的魅力。,可播放,优酷视频,https://www.douban.com/link2/?url=http%3A%2F%2Fv.youku.com%2Fv_show%2Fid_XNTc3OTU5NzI4.html%3Ftpa%3DdW5pb25faWQ9MTAzNTY1XzEwMDAwMV8wMV8wMQ&amp;subtype=3&amp;type=online-video,https://movie.douban.com/subject/1907966/
124,东邪西毒,8.5,电影诗。,可播放,腾讯视频,https://www.douban.com/link2/?url=http%3A%2F%2Fv.qq.com%2Fx%2Fcover%2Fv6vzx50c3blls29.html%3Fptag%3Ddouban.movie&amp;subtype=1&amp;type=online-video,https://movie.douban.com/subject/1292328/
125,穿条纹睡衣的男孩,8.8,尽管有些不切实际的幻想，这部电影依旧是一部感人肺腑的佳作。,可播放,付费,,https://movie.douban.com/subject/3008247/
126,七武士,9.1,时代悲歌。,可播放,优酷视频,https://www.douban.com/link2/?url=http%3A%2F%2Fv.youku.com%2Fv_show%2Fid_XMzQ3NzA5OTA0.html%3Ftpa%3DdW5pb25faWQ9MTAzNTY1XzEwMDAwMV8wMV8wMQ&amp;subtype=3&amp;type=online-video,https://movie.douban.com/subject/1295399/
127,怪兽电力公司,8.6,不要给它起名字，起了名字就有感情了。,可播放,优酷视频,https://www.douban.com/link2/?url=http%3A%2F%2Fcps.youku.com%2Fredirect.html%3Fid%3D0000a213%26url%3Dhttp%3A%2F%2Fv.youku.com%2Fv_show%2Fid_XMTQxOTc2NzgyMA%3D%3D.html&amp;subtype=3&amp;type=online-video,https://movie.douban.com/subject/1291579/
128,穿越时空的少女,8.6,爱上未来的你。 ,不可播放,,,https://movie.douban.com/subject/1937946/
129,魂断蓝桥,8.8,中国式内在的美国电影。,可播放,付费,,https://movie.douban.com/subject/1293964/
130,杀人回忆,8.6,关于连环杀人悬案的集体回忆。,可播放,付费,,https://movie.douban.com/subject/1300299/
131,恐怖直播,8.7,恐怖分子的“秋菊打官司”。,可播放,优酷视频,https://www.douban.com/link2/?url=http%3A%2F%2Fv.youku.com%2Fv_show%2Fid_XNzExMDU3ODAw.html%3Ftpa%3DdW5pb25faWQ9MTAzNTY1XzEwMDAwMV8wMV8wMQ&amp;subtype=3&amp;type=online-video,https://movie.douban.com/subject/21360417/
132,消失的爱人,8.7,无,可播放,付费,,https://movie.douban.com/subject/21318488/
133,恋恋笔记本,8.5,爱情没有那么多借口，如果不能圆满，只能说明爱的不够。 ,可播放,付费,,https://movie.douban.com/subject/1309163/
134,卢旺达饭店,8.8,当这个世界闭上双眼，他却敞开了怀抱。,可播放,优酷视频,https://www.douban.com/link2/?url=http%3A%2F%2Fv.youku.com%2Fv_show%2Fid_XMzU3NTY5MDgw.html%3Ftpa%3DdW5pb25faWQ9MTAzNTY1XzEwMDAwMV8wMV8wMQ&amp;subtype=3&amp;type=online-video,https://movie.douban.com/subject/1291822/
135,猜火车,8.5,不可猜的青春迷笛。 ,可播放,付费,,https://movie.douban.com/subject/1292528/
136,黑天鹅,8.5,黑暗之美。,可播放,付费,,https://movie.douban.com/subject/1978709/
137,红辣椒,8.8,梦的勾结。,不可播放,,,https://movie.douban.com/subject/1865703/
138,傲慢与偏见,8.4,爱是摈弃傲慢与偏见之后的曙光。,可播放,付费,,https://movie.douban.com/subject/1418200/
139,教父3,8.7,任何信念的力量，都无法改变命运。,可播放,付费,,https://movie.douban.com/subject/1294240/
140,英雄本色,8.7,英雄泪短，兄弟情长。 ,可播放,优酷视频,https://www.douban.com/link2/?url=http%3A%2F%2Fv.youku.com%2Fv_show%2Fid_XNzk4OTY0ODIw.html%3Ftpa%3DdW5pb25faWQ9MTAzNTY1XzEwMDAwMV8wMV8wMQ&amp;subtype=3&amp;type=online-video,https://movie.douban.com/subject/1297574/
141,完美的世界,9.0,坏人的好总是比好人的好来得更感人。,可播放,付费,,https://movie.douban.com/subject/1300992/
142,玩具总动员3,8.7,跨度十五年的欢乐与泪水。,可播放,优酷视频,https://www.douban.com/link2/?url=http%3A%2F%2Fcps.youku.com%2Fredirect.html%3Fid%3D0000a213%26url%3Dhttp%3A%2F%2Fv.youku.com%2Fv_show%2Fid_XMTQxOTgwNDc0MA%3D%3D.html&amp;subtype=3&amp;type=online-video,https://movie.douban.com/subject/1858711/
143,人工智能,8.6,对爱的执着，可以超越一切。,可播放,付费,,https://movie.douban.com/subject/1302827/
144,喜宴,8.7,中国家庭的喜怒哀乐忍。,不可播放,,,https://movie.douban.com/subject/1303037/
145,我是山姆,8.8,爱并不需要智商 。,可播放,付费,,https://movie.douban.com/subject/1306861/
146,纵横四海,8.7,香港浪漫主义警匪动作片的巅峰之作。,可播放,爱奇艺视频,https://www.douban.com/link2/?url=http%3A%2F%2Fwww.iqiyi.com%2Fdianying%2F20120812%2F2bc94ff6d1f41b53.html%3Fvfm%3Dm_331_dbdy&amp;subtype=9&amp;type=online-video&amp;link2key=609a494b27,https://movie.douban.com/subject/1295409/
147,雨中曲,8.9,骨灰级歌舞片。,可播放,付费,,https://movie.douban.com/subject/1293460/
148,萤火之森,8.8,触不到的恋人。,可播放,付费,,https://movie.douban.com/subject/5989818/
149,香水,8.4,一个单凭体香达到高潮的男人。,不可播放,,,https://movie.douban.com/subject/1760622/
150,冰川时代,8.4,松鼠才是角儿。,可播放,付费,,https://movie.douban.com/subject/1291578/
151,秒速5厘米,8.4,青春就是放弃和怀念。,可播放,乐视视频,https://www.douban.com/link2/?url=http%3A%2F%2Fwww.le.com%2Fptv%2Fvplay%2F26831035.html%3Fch%3Ddouban_mf&amp;subtype=6&amp;type=online-video&amp;link2key=be2a63f4a7,https://movie.douban.com/subject/2043546/
152,撞车,8.6,天使与魔鬼的冲撞。,可播放,付费,,https://movie.douban.com/subject/1388216/
153,浪潮,8.7,世界离独裁只有五天。,不可播放,,,https://movie.douban.com/subject/2297265/
154,小森林 夏秋篇,8.9,无,可播放,腾讯视频,https://www.douban.com/link2/?url=http%3A%2F%2Fv.qq.com%2Fx%2Fcover%2Fyz98ta4nfjtaa6q.html%3Fptag%3Ddouban.movie&amp;subtype=1&amp;type=online-video,https://movie.douban.com/subject/25814705/
155,碧海蓝天,8.7,在那片深蓝中，感受来自大海的忧伤寂寞与美丽自由。,可播放,付费,,https://movie.douban.com/subject/1300960/
156,朗读者,8.5,当爱情跨越年龄的界限，它似乎能变得更久远一点，成为一种责任，一种水到渠成的相濡以沫。 ,可播放,爱奇艺视频,https://www.douban.com/link2/?url=http%3A%2F%2Fwww.iqiyi.com%2Fv_19rrhk107w.html%3Fvfm%3Dm_331_dbdy&amp;subtype=9&amp;type=online-video&amp;link2key=ab7fc75fd0,https://movie.douban.com/subject/2213597/
157,喜剧之王,8.4,我是一个演员。,不可播放,,,https://movie.douban.com/subject/1302425/
158,追随,9.0,诺兰的牛逼来源于内心散发出的恐惧。,不可播放,,,https://movie.douban.com/subject/1397546/
159,哈利·波特与死亡圣器(下),8.6,10年的完美句点。,可播放,付费,,https://movie.douban.com/subject/3011235/
160,7号房的礼物,8.6,《我是山姆》的《美丽人生》。,可播放,腾讯视频,https://www.douban.com/link2/?url=http%3A%2F%2Fv.qq.com%2Fcover%2Fy%2Fy8trt60rpbxqv62.html%3Fptag%3Ddouban.movie&amp;subtype=1&amp;type=online-video,https://movie.douban.com/subject/10777687/
161,可可西里,8.6,坚硬的信仰。,可播放,优酷视频,https://www.douban.com/link2/?url=http%3A%2F%2Fv.youku.com%2Fv_show%2Fid_XNTkzNjkyMTUy.html%3Ftpa%3DdW5pb25faWQ9MTAzNTY1XzEwMDAwMV8wMV8wMQ&amp;subtype=3&amp;type=online-video,https://movie.douban.com/subject/1308857/
162,战争之王,8.5,做一颗让别人需要你的棋子。,不可播放,,,https://movie.douban.com/subject/1419936/
163,梦之安魂曲,8.7,一场没有春天的噩梦。,可播放,优酷视频,https://www.douban.com/link2/?url=http%3A%2F%2Fv.youku.com%2Fv_show%2Fid_XMzU3OTUzMTUy.html%3Ftpa%3DdW5pb25faWQ9MTAzNTY1XzEwMDAwMV8wMV8wMQ&amp;subtype=3&amp;type=online-video,https://movie.douban.com/subject/1292270/
164,罗生门,8.7,人生的N种可能性。,可播放,付费,,https://movie.douban.com/subject/1291879/
165,海盗电台,8.6,生命不止，摇滚不死。,可播放,付费,,https://movie.douban.com/subject/3007773/
166,花样年华,8.4,偷情本没有这样美。,不可播放,,,https://movie.douban.com/subject/1291557/
167,一次别离,8.7,只有有信仰的人才能说出事实真相。,可播放,腾讯视频,https://www.douban.com/link2/?url=http%3A%2F%2Fv.qq.com%2Fx%2Fcover%2Fyq76u9znklhx2y5.html%3Fptag%3Ddouban.movie&amp;subtype=1&amp;type=online-video,https://movie.douban.com/subject/5964718/
168,迁徙的鸟,9.1,最美的飞翔。,不可播放,,,https://movie.douban.com/subject/1292281/
169,谍影重重,8.5,哗啦啦啦啦，天在下雨，哗啦啦啦啦，云在哭泣……找自己。,可播放,付费,,https://movie.douban.com/subject/1304102/
170,谍影重重2,8.5,谁说王家卫镜头很晃？,可播放,付费,,https://movie.douban.com/subject/1308767/
171,荒野生存,8.6,出门必备：本草纲目。,可播放,付费,,https://movie.douban.com/subject/1905462/
172,心迷宫,8.6,无,可播放,优酷视频,https://www.douban.com/link2/?url=http%3A%2F%2Fv.youku.com%2Fv_show%2Fid_XMTQxMTcxNTM5Ng%3D%3D.html%3Ftpa%3DdW5pb25faWQ9MTAzNTY1XzEwMDAwMV8wMV8wMQ&amp;subtype=3&amp;type=online-video,https://movie.douban.com/subject/25917973/
173,唐伯虎点秋香,8.3,华太师是黄霑，吴镇宇四大才子之一。,可播放,优酷视频,https://www.douban.com/link2/?url=http%3A%2F%2Fv.youku.com%2Fv_show%2Fid_XMTg4NTkzNDg4.html%3Ftpa%3DdW5pb25faWQ9MTAzNTY1XzEwMDAwMV8wMV8wMQ&amp;subtype=3&amp;type=online-video,https://movie.douban.com/subject/1306249/
174,地球上的星星,8.8,天使保护事件始末。,不可播放,,,https://movie.douban.com/subject/2363506/
175,勇闯夺命岛,8.5,类型片的极致。 ,可播放,优酷视频,https://www.douban.com/link2/?url=http%3A%2F%2Fcps.youku.com%2Fredirect.html%3Fid%3D0000a213%26url%3Dhttp%3A%2F%2Fv.youku.com%2Fv_show%2Fid_XNjI3MzYwNzY4.html&amp;subtype=3&amp;type=online-video,https://movie.douban.com/subject/1292728/
176,燕尾蝶,8.6,现实与童话交相辉映的旅程。,不可播放,,,https://movie.douban.com/subject/1307793/
177,超能陆战队,8.6,无,可播放,付费,,https://movie.douban.com/subject/11026735/
178,绿里奇迹,8.7,天使暂时离开。,可播放,付费,,https://movie.douban.com/subject/1300374/
179,阿飞正传,8.5,王家卫是一种风格，张国荣是一个代表。,可播放,优酷视频,https://www.douban.com/link2/?url=http%3A%2F%2Fv.youku.com%2Fv_show%2Fid_XMTgzNDIxODQw.html%3Ftpa%3DdW5pb25faWQ9MTAzNTY1XzEwMDAwMV8wMV8wMQ&amp;subtype=3&amp;type=online-video,https://movie.douban.com/subject/1305690/
180,时空恋旅人,8.6,把每天当作最后一天般珍惜度过，积极拥抱生活，就是幸福。,可播放,付费,,https://movie.douban.com/subject/10577869/
181,卡萨布兰卡,8.6,与同名歌曲无关。,可播放,付费,,https://movie.douban.com/subject/1296753/
182,蝙蝠侠：黑暗骑士崛起,8.5,诺兰就是保证。,可播放,付费,,https://movie.douban.com/subject/3395373/
183,英国病人,8.4,"In memory, love lives forever...",可播放,付费,,https://movie.douban.com/subject/1291853/
184,惊魂记,8.8,故事的反转与反转，分裂电影的始祖。,可播放,腾讯视频,https://www.douban.com/link2/?url=http%3A%2F%2Fv.qq.com%2Fx%2Fcover%2Fkjq5ifgszrcgrlq.html%3Fptag%3Ddouban.movie&amp;subtype=1&amp;type=online-video,https://movie.douban.com/subject/1293181/
185,恐怖游轮,8.3,不要企图在重复中寻找已经失去的爱。,可播放,爱奇艺视频,https://www.douban.com/link2/?url=http%3A%2F%2Fwww.iqiyi.com%2Fv_19rrhk5qoc.html%3Fvfm%3Dm_331_dbdy&amp;subtype=9&amp;type=online-video&amp;link2key=f1d318c875,https://movie.douban.com/subject/3011051/
186,魔女宅急便,8.4,宫崎骏的电影总让人感觉世界是美好的，阳光明媚的。,不可播放,,,https://movie.douban.com/subject/1307811/
187,变脸,8.4,当发哥的风衣、墨镜出现在了凯奇身上⋯⋯,可播放,付费,,https://movie.douban.com/subject/1292659/
188,叫我第一名,8.6,乐观比一切都有力量。,不可播放,,,https://movie.douban.com/subject/4798888/
189,这个男人来自地球,8.5,科幻真正的魅力不是视觉效果能取代的。 ,可播放,优酷视频,https://www.douban.com/link2/?url=http%3A%2F%2Fv.youku.com%2Fv_show%2Fid_XNTg2OTc3OTgw.html%3Ftpa%3DdW5pb25faWQ9MTAzNTY1XzEwMDAwMV8wMV8wMQ&amp;subtype=3&amp;type=online-video,https://movie.douban.com/subject/2300586/
190,E.T. 外星人,8.5,生病的E.T.皮肤的颜色就像柿子饼。,可播放,付费,,https://movie.douban.com/subject/1294638/
191,再次出发之纽约遇见你,8.5,爱我就给我看你的播放列表。,可播放,腾讯视频,https://www.douban.com/link2/?url=http%3A%2F%2Fv.qq.com%2Fx%2Fcover%2Fipqywfdk64tfi1f.html%3Fptag%3Ddouban.movie&amp;subtype=1&amp;type=online-video,https://movie.douban.com/subject/6874403/
192,穆赫兰道,8.3,大卫·林奇的梦境迷宫。,不可播放,,,https://movie.douban.com/subject/1292217/
193,荒蛮故事,8.7,无,可播放,腾讯视频,https://www.douban.com/link2/?url=http%3A%2F%2Fv.qq.com%2Fx%2Fcover%2Fjbj176n5lxqxcy7.html%3Fptag%3Ddouban.movie&amp;subtype=1&amp;type=online-video,https://movie.douban.com/subject/24750126/
194,终结者2：审判日,8.5,少见的超越首部的续集，动作片中的经典。,可播放,付费,,https://movie.douban.com/subject/1291844/
195,东京物语,9.2,东京那么大，如果有一天走失了，恐怕一辈子不能再相见。,可播放,优酷视频,https://www.douban.com/link2/?url=http%3A%2F%2Fv.youku.com%2Fv_show%2Fid_XMzQ3NzAxMTcy.html%3Ftpa%3DdW5pb25faWQ9MTAzNTY1XzEwMDAwMV8wMV8wMQ&amp;subtype=3&amp;type=online-video,https://movie.douban.com/subject/1291568/
196,达拉斯买家俱乐部,8.6,Jared Leto的腿比女人还美！,可播放,腾讯视频,https://www.douban.com/link2/?url=http%3A%2F%2Fv.qq.com%2Fx%2Fcover%2Frp2fmb4gr8wcth6.html%3Fptag%3Ddouban.movie&amp;subtype=1&amp;type=online-video,https://movie.douban.com/subject/1793929/
197,发条橙,8.4,我完全康复了。,不可播放,,,https://movie.douban.com/subject/1292233/
198,非常嫌疑犯,8.6,我不信仰上帝，但我敬畏上帝。,可播放,付费,,https://movie.douban.com/subject/1292214/
199,末路狂花,8.7,没有了退路，只好飞向自由。,不可播放,,,https://movie.douban.com/subject/1291992/
200,哪吒闹海,8.8,想你时你在闹海。,可播放,付费,,https://movie.douban.com/subject/1307315/
201,被解救的姜戈,8.5,热血沸腾，那个低俗、性感的无耻混蛋又来了。,可播放,付费,,https://movie.douban.com/subject/6307447/
202,忠犬八公物语,9.0,养狗三日，便会对你终其一生。,可播放,腾讯视频,https://www.douban.com/link2/?url=http%3A%2F%2Fv.qq.com%2Fx%2Fcover%2Fazrb39tto39w4je.html%3Fptag%3Ddouban.movie&amp;subtype=1&amp;type=online-video,https://movie.douban.com/subject/1959195/
203,牯岭街少年杀人事件,8.7,弱者送给弱者的一刀。,不可播放,,,https://movie.douban.com/subject/1292329/
204,美国丽人,8.4,每个人的内心都是深不可测的大海。 ,可播放,付费,,https://movie.douban.com/subject/1292062/
205,源代码,8.3,邓肯·琼斯继《月球》之后再度奉献出一部精彩绝伦的科幻佳作。,可播放,优酷视频,https://www.douban.com/link2/?url=http%3A%2F%2Fv.youku.com%2Fv_show%2Fid_XMzA4Mjk1MTQ4.html%3Ftpa%3DdW5pb25faWQ9MTAzNTY1XzEwMDAwMV8wMV8wMQ&amp;subtype=3&amp;type=online-video,https://movie.douban.com/subject/3075287/
206,上帝也疯狂,8.6,纯净原始的笑与感动。,不可播放,,,https://movie.douban.com/subject/1297478/
207,黑客帝国3：矩阵革命,8.5,不得不说，《黑客帝国》系列是商业片与科幻、哲学完美结合的典范。,可播放,付费,,https://movie.douban.com/subject/1302467/
208,新龙门客栈,8.4,嬉笑怒骂，调风动月。,可播放,付费,,https://movie.douban.com/subject/1292287/
209,黄金三镖客,9.1,最棒的西部片。,不可播放,,,https://movie.douban.com/subject/1401118/
210,青蛇,8.3,人生如此，浮生如斯。谁人言，花彼岸，此生情长意短。谁都是不懂爱的罢了。,可播放,爱奇艺视频,https://www.douban.com/link2/?url=http%3A%2F%2Fwww.iqiyi.com%2Fv_19rrmy6f78.html%3Fvfm%3Dm_331_dbdy&amp;subtype=9&amp;type=online-video&amp;link2key=cf9a129118,https://movie.douban.com/subject/1303394/
211,曾经,8.3,有些幸福无关爱情。,可播放,付费,,https://movie.douban.com/subject/2053515/
212,爱·回家,9.1,献给所有外婆的电影。,不可播放,,,https://movie.douban.com/subject/1299361/
213,蓝色大门,8.2,青春的窃窃私语。 ,不可播放,,,https://movie.douban.com/subject/1308575/
214,勇士,8.9,热血沸腾，相当完美的娱乐拳击大餐。,可播放,优酷视频,https://www.douban.com/link2/?url=http%3A%2F%2Fv.youku.com%2Fv_show%2Fid_XNjIxMTU3MjY4.html%3Ftpa%3DdW5pb25faWQ9MTAzNTY1XzEwMDAwMV8wMV8wMQ&amp;subtype=3&amp;type=online-video,https://movie.douban.com/subject/3217169/
215,未麻的部屋,8.8,好的剧本是，就算你猜到了结局也猜不到全部。,不可播放,,,https://movie.douban.com/subject/1395091/
216,小森林 冬春篇,8.9,无,可播放,腾讯视频,https://www.douban.com/link2/?url=http%3A%2F%2Fv.qq.com%2Fx%2Fcover%2F1o7ou00t80apgko.html%3Fptag%3Ddouban.movie&amp;subtype=1&amp;type=online-video,https://movie.douban.com/subject/25814707/
217,初恋这件小事,8.3,黑小鸭速效美白记。,可播放,腾讯视频,https://www.douban.com/link2/?url=http%3A%2F%2Fv.qq.com%2Fx%2Fcover%2Fkxi9fuaqdu2xzp4.html%3Fptag%3Ddouban.movie&amp;subtype=1&amp;type=online-video,https://movie.douban.com/subject/4739952/
218,无耻混蛋,8.4,昆汀同学越来越变态了，比北野武还杜琪峰。,可播放,付费,,https://movie.douban.com/subject/1438652/
219,城市之光,9.2,永远的小人物，伟大的卓别林。,不可播放,,,https://movie.douban.com/subject/1293908/
220,蝴蝶,8.6,我们长途跋涉寻找的东西，有可能一直就在身边。 ,可播放,优酷视频,https://www.douban.com/link2/?url=http%3A%2F%2Fv.youku.com%2Fv_show%2Fid_XMTMzOTMwNDIw.html%3Ftpa%3DdW5pb25faWQ9MTAzNTY1XzEwMDAwMV8wMV8wMQ&amp;subtype=3&amp;type=online-video,https://movie.douban.com/subject/1292056/
221,暖暖内含光,8.4,恋爱是一次神经的冒险。就算失去记忆，也会爱上你。,不可播放,,,https://movie.douban.com/subject/1308777/
222,麦兜故事,8.5,麦兜是一只很哲学的猪。 ,可播放,付费,,https://movie.douban.com/subject/1302476/
223,与狼共舞,8.9,充满诗意与情怀的史诗作品。 ,不可播放,,,https://movie.douban.com/subject/1293764/
224,爆裂鼓手,8.6,无,不可播放,,,https://movie.douban.com/subject/25773932/
225,两小无猜,8.2,"Love me, if you dare. ",可播放,付费,,https://movie.douban.com/subject/1308817/
226,巴黎淘气帮,8.6,四百击的反面。,不可播放,,,https://movie.douban.com/subject/3157605/
227,无敌破坏王,8.7,迪士尼和皮克斯拿错剧本的产物。,可播放,优酷视频,https://www.douban.com/link2/?url=http%3A%2F%2Fcps.youku.com%2Fredirect.html%3Fid%3D0000a213%26url%3Dhttp%3A%2F%2Fv.youku.com%2Fv_show%2Fid_XNjI5MTE3NTg0.html&amp;subtype=3&amp;type=online-video,https://movie.douban.com/subject/6534248/
228,夜访吸血鬼,8.3,弥漫淡淡血腥气的优雅。,不可播放,,,https://movie.douban.com/subject/1299327/
229,遗愿清单,8.5,用剩余不多的时间，去燃烧整个生命。,可播放,付费,,https://movie.douban.com/subject/1867345/
230,爱在暹罗,8.3,把爱放在心底，有爱就有希望。,可播放,优酷视频,https://www.douban.com/link2/?url=http%3A%2F%2Fv.youku.com%2Fv_show%2Fid_XNDM3NDg0NTky.html%3Ftpa%3DdW5pb25faWQ9MTAzNTY1XzEwMDAwMV8wMV8wMQ&amp;subtype=3&amp;type=online-video,https://movie.douban.com/subject/2365260/
231,中央车站,8.7,心灵救赎。,可播放,优酷视频,https://www.douban.com/link2/?url=http%3A%2F%2Fv.youku.com%2Fv_show%2Fid_XNTgyMDA3MjA4.html%3Ftpa%3DdW5pb25faWQ9MTAzNTY1XzEwMDAwMV8wMV8wMQ&amp;subtype=3&amp;type=online-video,https://movie.douban.com/subject/1292218/
232,偷拐抢骗,8.5,典型盖·里奇式的英国黑色幽默黑帮片。,可播放,付费,,https://movie.douban.com/subject/1301171/
233,大卫·戈尔的一生,8.7,捍卫人权只是信仰，一点不妨碍其行为的残忍。,可播放,芒果 TV,https://www.douban.com/link2/?url=http%3A%2F%2Fwww.mgtv.com%2Fh%2F52402.html%3Fcxid%3D94l62sj44&amp;subtype=7&amp;type=online-video&amp;link2key=1febad8cfb,https://movie.douban.com/subject/1305725/
234,国王的演讲,8.3,皇上无话儿。,可播放,优酷视频,https://www.douban.com/link2/?url=http%3A%2F%2Fv.youku.com%2Fv_show%2Fid_XMzY5NjM5NzQw.html%3Ftpa%3DdW5pb25faWQ9MTAzNTY1XzEwMDAwMV8wMV8wMQ&amp;subtype=3&amp;type=online-video,https://movie.douban.com/subject/4023638/
235,血钻,8.5,每个美丽事物背后都是滴血的现实。,可播放,付费,,https://movie.douban.com/subject/1428175/
236,罪恶之城,8.4,权力不是来自枪和子弹，权力来自谎言。,可播放,付费,,https://movie.douban.com/subject/1309027/
237,荒岛余生,8.4,一个人的独角戏。,可播放,付费,,https://movie.douban.com/subject/1298653/
238,月球,8.5,2009媲美《第九区》的又一部科幻神作。,可播放,付费,,https://movie.douban.com/subject/3073124/
239,寿司之神,8.8,仪式主义的狂欢，偏执狂的完胜。,不可播放,,,https://movie.douban.com/subject/6146955/
240,千钧一发,8.7,一部能引人思考的科幻励志片。,可播放,腾讯视频,https://www.douban.com/link2/?url=http%3A%2F%2Fv.qq.com%2Fx%2Fcover%2Ffqc9exx7n20bjuj.html%3Fptag%3Ddouban.movie&amp;subtype=1&amp;type=online-video,https://movie.douban.com/subject/1300117/
241,枪火,8.6,一群演技精湛的戏骨，奉献出一个精致的黑帮小品，成就杜琪峰群戏的巅峰之作。,不可播放,,,https://movie.douban.com/subject/1300741/
242,疯狂的石头,8.2,中国版《两杆大烟枪》。,不可播放,,,https://movie.douban.com/subject/1862151/
243,我爱你,9.0,你要相信，这世上真的有爱存在，不管在什么年纪 ,不可播放,,,https://movie.douban.com/subject/5908478/
244,廊桥遗梦,8.5,这样确切的爱，一生只有一次。,可播放,付费,,https://movie.douban.com/subject/1293929/
245,角斗士,8.4,罗马斗兽场的鸦雀无声，久久停留在这样的肃穆中。,可播放,付费,,https://movie.douban.com/subject/1293530/
246,假如爱有天意,8.2,琼瑶阿姨在韩国的深刻版。,可播放,优酷视频,https://www.douban.com/link2/?url=http%3A%2F%2Fv.youku.com%2Fv_show%2Fid_XMTkxNTA0NTMy.html%3Ftpa%3DdW5pb25faWQ9MTAzNTY1XzEwMDAwMV8wMV8wMQ&amp;subtype=3&amp;type=online-video,https://movie.douban.com/subject/1304073/
247,导盲犬小Q,8.4,宠物的意义在于化解人的孤独。,可播放,爱奇艺视频,https://www.douban.com/link2/?url=http%3A%2F%2Fwww.iqiyi.com%2Fdianying%2F20110812%2Fc156cc903ccde56f.html%3Fvfm%3Dm_331_dbdy&amp;subtype=9&amp;type=online-video&amp;link2key=3d25147c98,https://movie.douban.com/subject/1316572/
248,不一样的天空,8.6,生命有裂缝，阳光才照得进来。,可播放,优酷视频,https://www.douban.com/link2/?url=http%3A%2F%2Fv.youku.com%2Fv_show%2Fid_XMjQ5NDYzMzA0.html%3Ftpa%3DdW5pb25faWQ9MTAzNTY1XzEwMDAwMV8wMV8wMQ&amp;subtype=3&amp;type=online-video,https://movie.douban.com/subject/1301617/
249,速度与激情5,8.4,爆米花动作电影新标杆。,可播放,付费,,https://movie.douban.com/subject/4286017/
250,我们俩,8.6,想外婆了，有没有？！,不可播放,,,https://movie.douban.com/subject/1756073/
